Date;Close
28/09/04;825
29/09/04;825
30/09/04;830
01/10/04;840
04/10/04;870
05/10/04;880
06/10/04;860
07/10/04;855
08/10/04;855
11/10/04;870
12/10/04;855
13/10/04;870
14/10/04;860
15/10/04;860
18/10/04;855
19/10/04;880
20/10/04;865
21/10/04;850
22/10/04;870
25/10/04;860
26/10/04;835
27/10/04;840
28/10/04;860
29/10/04;870
01/11/04;870
02/11/04;915
03/11/04;945
04/11/04;920
05/11/04;930
08/11/04;925
09/11/04;935
10/11/04;950
11/11/04;940
12/11/04;945
15/11/04;945
16/11/04;945
17/11/04;945
18/11/04;945
19/11/04;945
22/11/04;990
23/11/04;1000
24/11/04;1020
25/11/04;990
26/11/04;1000
29/11/04;990
30/11/04;1000
01/12/04;1020
02/12/04;1040
03/12/04;1000
06/12/04;1000
07/12/04;1020
08/12/04;1010
09/12/04;980
10/12/04;940
13/12/04;940
14/12/04;920
15/12/04;950
16/12/04;975
17/12/04;990
20/12/04;985
21/12/04;980
22/12/04;975
23/12/04;965
24/12/04;965
27/12/04;975
28/12/04;970
29/12/04;980
30/12/04;965
31/12/04;965
03/01/05;985
04/01/05;990
05/01/05;975
06/01/05;995
07/01/05;1025
10/01/05;990
11/01/05;970
12/01/05;965
13/01/05;995
14/01/05;1000
17/01/05;1000
18/01/05;990
19/01/05;990
20/01/05;990
24/01/05;970
25/01/05;965
26/01/05;970
27/01/05;960
28/01/05;960
31/01/05;960
01/02/05;965
02/02/05;950
03/02/05;940
04/02/05;935
07/02/05;930
08/02/05;925
11/02/05;935
14/02/05;930
15/02/05;950
16/02/05;950
17/02/05;940
18/02/05;940
21/02/05;925
22/02/05;930
23/02/05;930
24/02/05;915
25/02/05;895
28/02/05;885
01/03/05;910
02/03/05;895
03/03/05;905
04/03/05;885
07/03/05;885
08/03/05;895
09/03/05;905
10/03/05;885
14/03/05;860
15/03/05;875
16/03/05;875
17/03/05;880
18/03/05;885
21/03/05;905
22/03/05;915
23/03/05;925
24/03/05;910
28/03/05;915
29/03/05;900
30/03/05;890
31/03/05;895
01/04/05;925
04/04/05;940
05/04/05;930
06/04/05;925
07/04/05;935
08/04/05;935
11/04/05;940
12/04/05;935
13/04/05;945
14/04/05;935
15/04/05;925
18/04/05;900
19/04/05;890
20/04/05;885
21/04/05;875
25/04/05;870
26/04/05;875
27/04/05;865
28/04/05;870
29/04/05;855
02/05/05;845
03/05/05;835
04/05/05;860
06/05/05;900
09/05/05;930
10/05/05;920
11/05/05;890
12/05/05;895
13/05/05;885
16/05/05;865
17/05/05;875
18/05/05;875
19/05/05;895
20/05/05;910
23/05/05;920
25/05/05;920
26/05/05;920
27/05/05;920
30/05/05;930
31/05/05;930
01/06/05;950
02/06/05;965
03/06/05;960
06/06/05;960
07/06/05;955
08/06/05;945
09/06/05;940
10/06/05;950
13/06/05;965
14/06/05;975
15/06/05;975
16/06/05;985
17/06/05;1040
20/06/05;1070
21/06/05;1020
22/06/05;1000
23/06/05;990
24/06/05;995
27/06/05;980
28/06/05;1000
29/06/05;1010
30/06/05;1000
01/07/05;1050
04/07/05;1050
05/07/05;1040
06/07/05;1000
07/07/05;1000
08/07/05;990
11/07/05;995
12/07/05;1000
13/07/05;1020
14/07/05;1030
15/07/05;1050
18/07/05;1030
19/07/05;1030
20/07/05;1050
21/07/05;1090
22/07/05;1160
25/07/05;1130
26/07/05;1140
27/07/05;1120
28/07/05;1140
29/07/05;1110
01/08/05;1100
02/08/05;1140
03/08/05;1140
04/08/05;1120
05/08/05;1100
08/08/05;1070
09/08/05;1080
10/08/05;1130
11/08/05;1110
12/08/05;1070
15/08/05;1040
16/08/05;1030
18/08/05;1000
19/08/05;1010
22/08/05;1020
23/08/05;1010
24/08/05;990
25/08/05;985
26/08/05;995
29/08/05;955
30/08/05;1005
31/08/05;1030
01/09/05;1000
05/09/05;1020
06/09/05;1050
07/09/05;1040
08/09/05;1090
09/09/05;1140
12/09/05;1120
13/09/05;1060
14/09/05;1010
15/09/05;1000
16/09/05;1030
19/09/05;1060
20/09/05;1040
21/09/05;1020
22/09/05;980
23/09/05;985
26/09/05;1040
27/09/05;1040
28/09/05;1030
29/09/05;1040
30/09/05;1070
03/10/05;1060
04/10/05;1080
05/10/05;1080
06/10/05;1060
07/10/05;1020
10/10/05;1040
11/10/05;1040
12/10/05;1040
13/10/05;1020
14/10/05;1040
17/10/05;1040
18/10/05;1070
19/10/05;1040
20/10/05;1030
21/10/05;1030
24/10/05;1030
25/10/05;1010
26/10/05;1010
27/10/05;1010
28/10/05;1010
31/10/05;1000
01/11/05;1010
07/11/05;1010
08/11/05;1010
09/11/05;990
10/11/05;990
11/11/05;985
14/11/05;995
15/11/05;1015
16/11/05;1010
17/11/05;1010
18/11/05;1030
21/11/05;1040
22/11/05;1040
23/11/05;1030
24/11/05;1060
25/11/05;1050
28/11/05;1070
29/11/05;1070
30/11/05;1100
01/12/05;1090
02/12/05;1110
05/12/05;1130
06/12/05;1120
07/12/05;1160
08/12/05;1160
09/12/05;1170
12/12/05;1200
13/12/05;1230
14/12/05;1210
15/12/05;1180
16/12/05;1140
19/12/05;1200
20/12/05;1200
21/12/05;1210
22/12/05;1210
23/12/05;1190
26/12/05;1190
27/12/05;1190
28/12/05;1180
29/12/05;1180
30/12/05;1180
02/01/06;1220
03/01/06;1230
04/01/06;1240
05/01/06;1210
06/01/06;1210
09/01/06;1230
10/01/06;1230
11/01/06;1310
12/01/06;1280
13/01/06;1240
16/01/06;1230
17/01/06;1230
18/01/06;1210
19/01/06;1260
20/01/06;1240
23/01/06;1220
24/01/06;1210
25/01/06;1260
26/01/06;1230
27/01/06;1250
30/01/06;1260
31/01/06;1260
01/02/06;1280
02/02/06;1270
03/02/06;1270
06/02/06;1270
07/02/06;1270
08/02/06;1220
09/02/06;1240
10/02/06;1230
13/02/06;1220
14/02/06;1190
15/02/06;1220
16/02/06;1220
17/02/06;1240
20/02/06;1250
21/02/06;1230
22/02/06;1220
23/02/06;1210
24/02/06;1230
27/02/06;1250
28/02/06;1240
01/03/06;1260
02/03/06;1280
03/03/06;1290
06/03/06;1250
07/03/06;1240
08/03/06;1250
09/03/06;1250
10/03/06;1250
13/03/06;1250
14/03/06;1240
15/03/06;1240
16/03/06;1280
17/03/06;1350
20/03/06;1400
21/03/06;1370
22/03/06;1350
23/03/06;1390
24/03/06;1390
27/03/06;1390
28/03/06;1390
29/03/06;1380
30/03/06;1380
31/03/06;1380
03/04/06;1390
04/04/06;1380
05/04/06;1390
06/04/06;1400
07/04/06;1390
10/04/06;1390
11/04/06;1400
12/04/06;1450
13/04/06;1440
14/04/06;1440
17/04/06;1460
18/04/06;1490
19/04/06;1520
20/04/06;1550
21/04/06;1530
24/04/06;1490
25/04/06;1510
26/04/06;1530
27/04/06;1520
28/04/06;1510
01/05/06;1540
02/05/06;1530
03/05/06;1560
04/05/06;1520
05/05/06;1510
08/05/06;1560
09/05/06;1650
10/05/06;1680
11/05/06;1660
12/05/06;1650
15/05/06;1600
16/05/06;1590
17/05/06;1580
18/05/06;1510
19/05/06;1510
22/05/06;1440
23/05/06;1440
24/05/06;1420
25/05/06;1420
26/05/06;1420
29/05/06;1470
30/05/06;1480
31/05/06;1410
01/06/06;1440
02/06/06;1500
05/06/06;1530
06/06/06;1450
07/06/06;1410
08/06/06;1350
09/06/06;1410
12/06/06;1390
13/06/06;1350
14/06/06;1350
15/06/06;1360
16/06/06;1500
19/06/06;1490
20/06/06;1480
21/06/06;1480
22/06/06;1500
23/06/06;1450
26/06/06;1450
27/06/06;1430
28/06/06;1410
29/06/06;1390
30/06/06;1470
03/07/06;1460
04/07/06;1480
05/07/06;1470
06/07/06;1490
07/07/06;1480
10/07/06;1450
11/07/06;1460
12/07/06;1460
13/07/06;1480
14/07/06;1420
17/07/06;1430
18/07/06;1440
19/07/06;1430
20/07/06;1490
21/07/06;1480
24/07/06;1480
25/07/06;1470
26/07/06;1460
27/07/06;1460
28/07/06;1480
31/07/06;1490
01/08/06;1530
02/08/06;1590
03/08/06;1560
04/08/06;1580
07/08/06;1610
08/08/06;1580
09/08/06;1590
10/08/06;1550
11/08/06;1600
14/08/06;1600
15/08/06;1590
16/08/06;1600
17/08/06;1600
18/08/06;1600
21/08/06;1600
22/08/06;1600
23/08/06;1580
24/08/06;1580
25/08/06;1560
28/08/06;1570
29/08/06;1600
30/08/06;1580
31/08/06;1580
01/09/06;1570
04/09/06;1620
05/09/06;1610
06/09/06;1620
07/09/06;1600
08/09/06;1590
11/09/06;1570
12/09/06;1540
13/09/06;1560
14/09/06;1580
15/09/06;1610
18/09/06;1640
19/09/06;1670
20/09/06;1650
21/09/06;1660
22/09/06;1640
25/09/06;1630
26/09/06;1630
27/09/06;1670
28/09/06;1690
29/09/06;1690
02/10/06;1680
03/10/06;1680
04/10/06;1690
05/10/06;1680
06/10/06;1690
09/10/06;1680
10/10/06;1660
11/10/06;1650
12/10/06;1640
13/10/06;1650
16/10/06;1640
17/10/06;1650
18/10/06;1660
19/10/06;1670
20/10/06;1670
23/10/06;1670
24/10/06;1670
25/10/06;1670
26/10/06;1670
27/10/06;1670
30/10/06;1660
31/10/06;1680
01/11/06;1700
02/11/06;1710
03/11/06;1700
06/11/06;1770
07/11/06;1820
08/11/06;1810
09/11/06;1840
10/11/06;1880
13/11/06;1840
14/11/06;1920
15/11/06;1910
16/11/06;1890
17/11/06;1870
20/11/06;1910
21/11/06;1890
22/11/06;1940
23/11/06;1920
24/11/06;1970
27/11/06;2000
28/11/06;1950
29/11/06;1970
30/11/06;1980
01/12/06;1980
04/12/06;2000
05/12/06;2100
06/12/06;2110
07/12/06;2090
08/12/06;2060
11/12/06;2000
12/12/06;1940
13/12/06;1940
14/12/06;1980
15/12/06;2050
18/12/06;2000
19/12/06;1970
20/12/06;1990
21/12/06;2010
22/12/06;1980
26/12/06;1980
27/12/06;2000
28/12/06;2020
29/12/06;2020
02/01/07;2070
03/01/07;2070
04/01/07;2030
05/01/07;2030
08/01/07;2000
09/01/07;1990
10/01/07;1940
11/01/07;1930
12/01/07;1920
15/01/07;1970
16/01/07;1980
17/01/07;1980
18/01/07;1980
19/01/07;2030
22/01/07;2030
23/01/07;2000
24/01/07;1990
25/01/07;1950
26/01/07;1910
29/01/07;1930
30/01/07;1910
31/01/07;1890
01/02/07;1910
02/02/07;1910
05/02/07;1910
06/02/07;1890
07/02/07;1870
08/02/07;1860
09/02/07;1820
12/02/07;1810
13/02/07;1790
14/02/07;1850
15/02/07;1900
16/02/07;1930
19/02/07;1930
20/02/07;1930
21/02/07;1940
22/02/07;1920
23/02/07;1860
26/02/07;1840
27/02/07;1820
28/02/07;1780
01/03/07;1850
02/03/07;1870
05/03/07;1800
06/03/07;1850
07/03/07;1850
08/03/07;1860
09/03/07;1840
12/03/07;1880
13/03/07;1880
14/03/07;1840
15/03/07;1870
16/03/07;1860
20/03/07;1900
21/03/07;1860
22/03/07;1910
23/03/07;1920
26/03/07;1940
27/03/07;1960
28/03/07;1940
29/03/07;1930
30/03/07;1970
02/04/07;1980
03/04/07;2000
04/04/07;2040
05/04/07;2020
09/04/07;2040
10/04/07;2060
11/04/07;2090
12/04/07;2050
13/04/07;2080
16/04/07;2080
17/04/07;2090
18/04/07;2050
19/04/07;2000
20/04/07;2080
23/04/07;2110
24/04/07;2100
25/04/07;2100
26/04/07;2160
27/04/07;2150
30/04/07;2100
01/05/07;2070
02/05/07;2050
03/05/07;2070
04/05/07;2060
07/05/07;2040
08/05/07;1990
09/05/07;1980
10/05/07;1980
11/05/07;1920
14/05/07;1950
15/05/07;1920
16/05/07;1920
21/05/07;1900
22/05/07;1880
23/05/07;1940
24/05/07;1940
25/05/07;1920
28/05/07;1930
29/05/07;1900
30/05/07;1910
31/05/07;1910
04/06/07;1950
05/06/07;1940
06/06/07;1930
07/06/07;1940
08/06/07;1930
11/06/07;1940
12/06/07;1970
13/06/07;1940
14/06/07;1960
15/06/07;1950
18/06/07;1940
19/06/07;1940
20/06/07;1960
21/06/07;1950
22/06/07;1940
25/06/07;1930
26/06/07;1950
27/06/07;1950
28/06/07;1940
29/06/07;1970
02/07/07;1980
03/07/07;2000
04/07/07;2070
05/07/07;2110
06/07/07;2080
09/07/07;2100
10/07/07;2100
11/07/07;2120
12/07/07;2180
13/07/07;2290
16/07/07;2290
17/07/07;2260
18/07/07;2200
19/07/07;2260
20/07/07;2270
23/07/07;2210
24/07/07;2200
25/07/07;2190
26/07/07;2150
27/07/07;2090
30/07/07;2130
31/07/07;2240
01/08/07;2140
02/08/07;2170
03/08/07;2180
06/08/07;2120
07/08/07;2130
08/08/07;2210
09/08/07;2180
10/08/07;2180
13/08/07;2170
14/08/07;2170
15/08/07;2030
16/08/07;1970
20/08/07;2100
21/08/07;2030
22/08/07;2100
23/08/07;2100
24/08/07;2170
27/08/07;2190
28/08/07;2160
29/08/07;2120
30/08/07;2140
31/08/07;2170
03/09/07;2230
04/09/07;2240
05/09/07;2200
06/09/07;2190
07/09/07;2230
10/09/07;2180
11/09/07;2160
12/09/07;2170
13/09/07;2160
14/09/07;2130
17/09/07;2140
18/09/07;2140
19/09/07;2250
20/09/07;2200
21/09/07;2230
24/09/07;2190
25/09/07;2160
26/09/07;2170
27/09/07;2180
28/09/07;2200
01/10/07;2270
02/10/07;2400
03/10/07;2390
04/10/07;2420
05/10/07;2490
08/10/07;2500
09/10/07;2460
10/10/07;2470
11/10/07;2530
17/10/07;2430
18/10/07;2430
19/10/07;2360
22/10/07;2260
23/10/07;2380
24/10/07;2310
25/10/07;2350
26/10/07;2380
29/10/07;2370
30/10/07;2270
31/10/07;2150
01/11/07;2230
02/11/07;2280
05/11/07;2240
06/11/07;2270
07/11/07;2320
08/11/07;2280
09/11/07;2260
12/11/07;2200
13/11/07;2170
14/11/07;2140
15/11/07;2130
16/11/07;2100
19/11/07;2090
20/11/07;2020
21/11/07;2020
22/11/07;2040
23/11/07;2010
26/11/07;2040
27/11/07;2000
28/11/07;2020
29/11/07;2100
30/11/07;2030
03/12/07;2100
04/12/07;2100
05/12/07;2180
06/12/07;2220
07/12/07;2190
10/12/07;2200
11/12/07;2220
12/12/07;2190
13/12/07;2120
14/12/07;2080
17/12/07;2010
18/12/07;2010
19/12/07;2000
26/12/07;2010
27/12/07;2000
28/12/07;2030
31/12/07;2030
02/01/08;2000
03/01/08;1980
04/01/08;2000
07/01/08;2040
08/01/08;2050
09/01/08;2010
14/01/08;1970
15/01/08;1860
16/01/08;1790
17/01/08;1840
18/01/08;1840
21/01/08;1780
22/01/08;1680
23/01/08;1770
24/01/08;1810
25/01/08;1870
28/01/08;1820
29/01/08;1790
30/01/08;1780
31/01/08;1850
01/02/08;1860
04/02/08;1940
05/02/08;2000
06/02/08;1950
11/02/08;1910
12/02/08;1950
13/02/08;1980
14/02/08;1990
15/02/08;2000
18/02/08;1990
19/02/08;2020
20/02/08;2010
21/02/08;2030
22/02/08;2020
25/02/08;2000
26/02/08;1990
27/02/08;2020
28/02/08;2050
29/02/08;1960
03/03/08;1890
04/03/08;1890
05/03/08;1880
06/03/08;1940
10/03/08;1850
11/03/08;1850
12/03/08;1900
13/03/08;1850
14/03/08;1840
17/03/08;1850
18/03/08;1880
19/03/08;1920
24/03/08;1950
25/03/08;1960
26/03/08;1960
27/03/08;1920
28/03/08;1950
31/03/08;1930
01/04/08;1940
02/04/08;1940
03/04/08;1880
04/04/08;1880
07/04/08;1890
08/04/08;1850
09/04/08;1800
10/04/08;1810
11/04/08;1830
14/04/08;1800
15/04/08;1820
16/04/08;1820
17/04/08;1840
18/04/08;1820
21/04/08;1800
22/04/08;1770
23/04/08;1750
24/04/08;1730
25/04/08;1730
28/04/08;1780
29/04/08;1790
30/04/08;1770
05/05/08;1800
06/05/08;1780
07/05/08;1750
08/05/08;1700
09/05/08;1720
12/05/08;1730
13/05/08;1730
14/05/08;1740
15/05/08;1700
16/05/08;1700
21/05/08;1710
22/05/08;1730
23/05/08;1720
26/05/08;1660
27/05/08;1610
28/05/08;1580
29/05/08;1590
30/05/08;1620
02/06/08;1590
03/06/08;1590
04/06/08;1570
05/06/08;1630
06/06/08;1590
09/06/08;1580
10/06/08;1590
11/06/08;1550
12/06/08;1510
13/06/08;1510
16/06/08;1500
17/06/08;1470
18/06/08;1500
19/06/08;1510
20/06/08;1550
23/06/08;1550
24/06/08;1540
25/06/08;1500
26/06/08;1480
27/06/08;1460
30/06/08;1460
01/07/08;1510
02/07/08;1530
03/07/08;1470
04/07/08;1470
07/07/08;1480
08/07/08;1460
09/07/08;1480
10/07/08;1500
11/07/08;1540
14/07/08;1470
15/07/08;1380
16/07/08;1390
17/07/08;1340
18/07/08;1350
21/07/08;1420
22/07/08;1530
23/07/08;1540
24/07/08;1570
25/07/08;1550
28/07/08;1600
29/07/08;1580
31/07/08;1540
01/08/08;1530
04/08/08;1590
05/08/08;1570
06/08/08;1570
07/08/08;1570
08/08/08;1550
11/08/08;1550
12/08/08;1500
13/08/08;1480
14/08/08;1490
15/08/08;1490
19/08/08;1470
20/08/08;1460
21/08/08;1480
22/08/08;1570
25/08/08;1590
26/08/08;1550
27/08/08;1560
28/08/08;1570
29/08/08;1600
01/09/08;1570
02/09/08;1580
03/09/08;1560
04/09/08;1510
05/09/08;1520
08/09/08;1530
09/09/08;1500
10/09/08;1470
11/09/08;1440
12/09/08;1370
15/09/08;1250
16/09/08;1320
17/09/08;1340
18/09/08;1340
19/09/08;1380
22/09/08;1380
23/09/08;1350
24/09/08;1380
25/09/08;1400
26/09/08;1420
06/10/08;1420
07/10/08;1430
08/10/08;1290
09/10/08;1290
10/10/08;1290
13/10/08;1320
14/10/08;1450
15/10/08;1430
16/10/08;1340
17/10/08;1240
20/10/08;1360
21/10/08;1420
22/10/08;1320
23/10/08;1310
24/10/08;1180
27/10/08;1070
28/10/08;1000
29/10/08;1020
30/10/08;1080
31/10/08;1080
03/11/08;1060
04/11/08;1080
05/11/08;1130
06/11/08;1140
07/11/08;1220
10/11/08;1230
11/11/08;1220
12/11/08;1200
13/11/08;1140
14/11/08;1160
17/11/08;1180
18/11/08;1110
19/11/08;1120
20/11/08;1150
21/11/08;1100
24/11/08;1120
25/11/08;1090
26/11/08;1150
27/11/08;1140
28/11/08;1170
01/12/08;1200
02/12/08;1150
03/12/08;1160
04/12/08;1160
05/12/08;1200
09/12/08;1320
10/12/08;1380
11/12/08;1320
12/12/08;1320
15/12/08;1450
16/12/08;1390
17/12/08;1430
18/12/08;1350
19/12/08;1360
22/12/08;1410
23/12/08;1390
24/12/08;1370
30/12/08;1380
31/12/08;1380
05/01/09;1460
06/01/09;1440
07/01/09;1380
08/01/09;1400
09/01/09;1420
12/01/09;1390
13/01/09;1350
14/01/09;1380
15/01/09;1290
16/01/09;1310
19/01/09;1280
20/01/09;1290
21/01/09;1260
22/01/09;1290
23/01/09;1290
27/01/09;1300
28/01/09;1270
29/01/09;1260
30/01/09;1260
02/02/09;1200
03/02/09;1170
04/02/09;1230
05/02/09;1260
06/02/09;1280
09/02/09;1270
10/02/09;1290
11/02/09;1290
12/02/09;1300
13/02/09;1300
16/02/09;1300
17/02/09;1270
18/02/09;1280
19/02/09;1280
20/02/09;1250
23/02/09;1300
24/02/09;1300
25/02/09;1300
26/02/09;1280
27/02/09;1260
02/03/09;1250
03/03/09;1250
04/03/09;1260
05/03/09;1280
06/03/09;1280
10/03/09;1270
11/03/09;1290
12/03/09;1300
13/03/09;1320
16/03/09;1320
17/03/09;1290
18/03/09;1300
19/03/09;1340
20/03/09;1420
23/03/09;1470
24/03/09;1480
25/03/09;1420
27/03/09;1520
30/03/09;1490
31/03/09;1510
01/04/09;1460
02/04/09;1460
03/04/09;1430
06/04/09;1460
07/04/09;1410
08/04/09;1380
09/04/09;1380
13/04/09;1480
14/04/09;1490
15/04/09;1520
16/04/09;1570
17/04/09;1550
20/04/09;1580
22/04/09;1490
23/04/09;1470
24/04/09;1440
27/04/09;1420
28/04/09;1490
29/04/09;1530
30/04/09;1570
01/05/09;1550
04/05/09;1590
05/05/09;1540
06/05/09;1570
07/05/09;1550
08/05/09;1520
11/05/09;1480
12/05/09;1500
13/05/09;1450
14/05/09;1420
15/05/09;1410
18/05/09;1440
19/05/09;1480
20/05/09;1460
21/05/09;1460
22/05/09;1480
25/05/09;1470
26/05/09;1480
27/05/09;1510
28/05/09;1490
29/05/09;1490
01/06/09;1520
02/06/09;1520
03/06/09;1560
04/06/09;1560
05/06/09;1550
08/06/09;1540
09/06/09;1560
10/06/09;1550
11/06/09;1510
12/06/09;1530
15/06/09;1550
16/06/09;1510
17/06/09;1490
18/06/09;1460
19/06/09;1490
22/06/09;1500
23/06/09;1470
24/06/09;1480
25/06/09;1520
26/06/09;1520
29/06/09;1480
30/06/09;1500
01/07/09;1580
02/07/09;1640
03/07/09;1720
06/07/09;1690
07/07/09;1710
08/07/09;1710
09/07/09;1620
10/07/09;1590
13/07/09;1580
14/07/09;1600
15/07/09;1610
16/07/09;1570
17/07/09;1600
20/07/09;1600
21/07/09;1640
22/07/09;1620
23/07/09;1650
24/07/09;1710
27/07/09;1760
28/07/09;1790
29/07/09;1770
30/07/09;1880
31/07/09;1790
03/08/09;1780
04/08/09;1760
05/08/09;1720
06/08/09;1750
07/08/09;1760
10/08/09;1800
11/08/09;1780
12/08/09;1710
13/08/09;1750
14/08/09;1740
18/08/09;1700
19/08/09;1670
20/08/09;1690
21/08/09;1690
24/08/09;1690
25/08/09;1730
26/08/09;1710
27/08/09;1720
28/08/09;1730
31/08/09;1680
01/09/09;1670
02/09/09;1650
03/09/09;1680
04/09/09;1680
07/09/09;1710
08/09/09;1690
09/09/09;1670
10/09/09;1690
11/09/09;1690
14/09/09;1660
15/09/09;1680
16/09/09;1670
17/09/09;1680
24/09/09;1750
25/09/09;1730
28/09/09;1700
29/09/09;1710
30/09/09;1730
01/10/09;1740
02/10/09;1710
05/10/09;1700
06/10/09;1720
07/10/09;1730
08/10/09;1730
09/10/09;1710
12/10/09;1740
13/10/09;1760
14/10/09;1740
15/10/09;1730
16/10/09;1740
19/10/09;1740
20/10/09;1740
21/10/09;1730
22/10/09;1720
23/10/09;1730
26/10/09;1700
27/10/09;1690
28/10/09;1670
29/10/09;1650
30/10/09;1680
02/11/09;1650
03/11/09;1670
04/11/09;1720
05/11/09;1740
06/11/09;1740
09/11/09;1730
10/11/09;1750
11/11/09;1750
12/11/09;1760
13/11/09;1750
16/11/09;1770
17/11/09;1780
18/11/09;1780
19/11/09;1800
20/11/09;1800
23/11/09;1790
24/11/09;1800
25/11/09;1810
26/11/09;1750
30/11/09;1800
01/12/09;1800
02/12/09;1800
03/12/09;1840
04/12/09;1850
07/12/09;1860
08/12/09;1880
09/12/09;1840
10/12/09;1890
11/12/09;1960
14/12/09;1900
15/12/09;1920
16/12/09;1970
17/12/09;2020
21/12/09;1900
22/12/09;1940
23/12/09;1920
28/12/09;1920
29/12/09;1900
30/12/09;1890
04/01/10;1910
05/01/10;1920
06/01/10;1900
07/01/10;1850
08/01/10;1870
11/01/10;1890
12/01/10;1900
13/01/10;1880
14/01/10;1870
15/01/10;1900
18/01/10;1880
19/01/10;1890
20/01/10;1900
21/01/10;1890
22/01/10;1860
25/01/10;1850
26/01/10;1860
27/01/10;1850
28/01/10;1860
29/01/10;1870
01/02/10;1860
02/02/10;1860
03/02/10;1870
04/02/10;1850
05/02/10;1790
08/02/10;1740
09/02/10;1710
10/02/10;1710
11/02/10;1750
12/02/10;1740
15/02/10;1740
16/02/10;1760
17/02/10;1750
18/02/10;1740
19/02/10;1720
22/02/10;1700
23/02/10;1700
24/02/10;1690
25/02/10;1660
01/03/10;1630
02/03/10;1690
03/03/10;1670
04/03/10;1650
05/03/10;1660
08/03/10;1720
09/03/10;1750
10/03/10;1720
11/03/10;1720
12/03/10;1680
15/03/10;1670
17/03/10;1720
18/03/10;1670
19/03/10;1650
22/03/10;1610
23/03/10;1600
24/03/10;1640
25/03/10;1660
26/03/10;1640
29/03/10;1620
30/03/10;1620
31/03/10;1610
01/04/10;1630
05/04/10;1670
06/04/10;1640
07/04/10;1610
08/04/10;1620
09/04/10;1620
12/04/10;1610
13/04/10;1610
14/04/10;1590
15/04/10;1600
16/04/10;1600
19/04/10;1580
20/04/10;1590
21/04/10;1620
22/04/10;1620
23/04/10;1610
26/04/10;1580
27/04/10;1560
28/04/10;1530
29/04/10;1540
30/04/10;1570
03/05/10;1600
04/05/10;1570
05/05/10;1530
06/05/10;1550
07/05/10;1520
10/05/10;1560
11/05/10;1530
12/05/10;1520
14/05/10;1530
17/05/10;1530
18/05/10;1540
19/05/10;1510
20/05/10;1520
21/05/10;1490
24/05/10;1420
25/05/10;1440
26/05/10;1500
27/05/10;1520
31/05/10;1550
01/06/10;1490
02/06/10;1570
03/06/10;1600
04/06/10;1580
07/06/10;1550
08/06/10;1590
09/06/10;1570
10/06/10;1550
11/06/10;1570
14/06/10;1600
15/06/10;1590
16/06/10;1590
17/06/10;1600
18/06/10;1610
21/06/10;1580
22/06/10;1580
23/06/10;1600
24/06/10;1600
25/06/10;1590
28/06/10;1580
29/06/10;1540
30/06/10;1540
01/07/10;1540
02/07/10;1530
05/07/10;1550
06/07/10;1570
07/07/10;1580
08/07/10;1550
09/07/10;1560
12/07/10;1570
13/07/10;1560
14/07/10;1580
15/07/10;1600
16/07/10;1620
19/07/10;1620
20/07/10;1620
21/07/10;1630
22/07/10;1620
23/07/10;1630
26/07/10;1610
27/07/10;1640
28/07/10;1650
29/07/10;1650
30/07/10;1690
02/08/10;1680
03/08/10;1600
04/08/10;1620
05/08/10;1640
06/08/10;1680
09/08/10;1700
10/08/10;1680
11/08/10;1690
12/08/10;1680
13/08/10;1700
16/08/10;1710
18/08/10;1720
19/08/10;1800
20/08/10;1760
23/08/10;1740
24/08/10;1740
25/08/10;1780
26/08/10;1800
27/08/10;1750
30/08/10;1740
31/08/10;1730
01/09/10;1800
02/09/10;1790
03/09/10;1810
06/09/10;1800
07/09/10;1800
15/09/10;1860
16/09/10;1840
17/09/10;1850
20/09/10;1850
21/09/10;1800
22/09/10;1790
23/09/10;1760
24/09/10;1780
27/09/10;1800
28/09/10;1810
29/09/10;1860
30/09/10;1840
01/10/10;1880
04/10/10;1910
05/10/10;1960
06/10/10;1900
07/10/10;1840
08/10/10;1820
11/10/10;1830
12/10/10;1830
13/10/10;1810
14/10/10;1810
15/10/10;1810
18/10/10;1810
19/10/10;1840
20/10/10;1830
21/10/10;1800
22/10/10;1800
25/10/10;1780
26/10/10;1810
27/10/10;1820
28/10/10;1850
29/10/10;1820
01/11/10;1730
02/11/10;1660
03/11/10;1610
04/11/10;1620
05/11/10;1570
08/11/10;1630
09/11/10;1630
10/11/10;1690
11/11/10;1700
12/11/10;1650
15/11/10;1640
16/11/10;1630
18/11/10;1680
19/11/10;1660
22/11/10;1680
23/11/10;1660
24/11/10;1630
25/11/10;1630
26/11/10;1600
29/11/10;1610
30/11/10;1590
01/12/10;1630
02/12/10;1650
03/12/10;1620
06/12/10;1610
08/12/10;1600
09/12/10;1600
10/12/10;1570
13/12/10;1560
14/12/10;1560
15/12/10;1560
16/12/10;1550
17/12/10;1570
20/12/10;1570
21/12/10;1600
22/12/10;1580
23/12/10;1580
27/12/10;1600
28/12/10;1600
29/12/10;1600
30/12/10;1590
03/01/11;1600
04/01/11;1580
05/01/11;1600
06/01/11;1540
07/01/11;1470
10/01/11;1440
11/01/11;1440
12/01/11;1500
13/01/11;1470
14/01/11;1500
17/01/11;1520
18/01/11;1560
19/01/11;1560
20/01/11;1510
21/01/11;1510
24/01/11;1540
25/01/11;1530
26/01/11;1550
27/01/11;1530
28/01/11;1550
31/01/11;1510
01/02/11;1510
02/02/11;1530
04/02/11;1550
07/02/11;1540
08/02/11;1540
09/02/11;1560
10/02/11;1530
11/02/11;1520
14/02/11;1490
16/02/11;1490
17/02/11;1490
18/02/11;1490
21/02/11;1520
22/02/11;1490
23/02/11;1490
24/02/11;1470
25/02/11;1490
28/02/11;1490
01/03/11;1500
02/03/11;1470
03/03/11;1470
04/03/11;1460
07/03/11;1470
08/03/11;1460
09/03/11;1490
10/03/11;1480
11/03/11;1460
14/03/11;1470
15/03/11;1430
16/03/11;1410
17/03/11;1360
18/03/11;1340
21/03/11;1350
22/03/11;1320
23/03/11;1550
24/03/11;1430
25/03/11;1430
28/03/11;1420
29/03/11;1400
30/03/11;1440
31/03/11;1470
01/04/11;1460
04/04/11;1460
05/04/11;1450
06/04/11;1450
07/04/11;1420
08/04/11;1400
11/04/11;1420
12/04/11;1420
13/04/11;1400
14/04/11;1440
15/04/11;1450
18/04/11;1470
19/04/11;1530
20/04/11;1560
21/04/11;1550
25/04/11;1510
26/04/11;1490
27/04/11;1540
28/04/11;1530
29/04/11;1540
02/05/11;1550
03/05/11;1540
04/05/11;1530
05/05/11;1500
06/05/11;1510
09/05/11;1510
10/05/11;1510
11/05/11;1520
12/05/11;1540
13/05/11;1540
16/05/11;1540
18/05/11;1550
19/05/11;1520
20/05/11;1530
23/05/11;1510
24/05/11;1530
25/05/11;1540
26/05/11;1540
27/05/11;1540
30/05/11;1520
31/05/11;1540
01/06/11;1550
03/06/11;1530
06/06/11;1520
07/06/11;1500
08/06/11;1500
09/06/11;1490
10/06/11;1490
13/06/11;1490
14/06/11;1460
15/06/11;1450
16/06/11;1420
17/06/11;1370
20/06/11;1390
21/06/11;1420
22/06/11;1430
23/06/11;1430
24/06/11;1450
27/06/11;1420
28/06/11;1450
30/06/11;1470
01/07/11;1440
04/07/11;1440
05/07/11;1440
06/07/11;1430
07/07/11;1430
08/07/11;1440
11/07/11;1410
12/07/11;1400
13/07/11;1410
14/07/11;1410
15/07/11;1430
18/07/11;1420
19/07/11;1410
20/07/11;1420
21/07/11;1460
22/07/11;1480
25/07/11;1460
26/07/11;1460
27/07/11;1470
28/07/11;1460
29/07/11;1470
01/08/11;1500
02/08/11;1520
03/08/11;1510
04/08/11;1560
05/08/11;1510
08/08/11;1500
09/08/11;1440
10/08/11;1420
11/08/11;1470
12/08/11;1460
15/08/11;1450
16/08/11;1440
18/08/11;1490
19/08/11;1480
22/08/11;1460
23/08/11;1460
24/08/11;1450
25/08/11;1440
26/08/11;1450
05/09/11;1510
06/09/11;1530
07/09/11;1580
08/09/11;1530
09/09/11;1520
12/09/11;1480
13/09/11;1470
14/09/11;1470
15/09/11;1500
16/09/11;1470
19/09/11;1490
20/09/11;1490
21/09/11;1510
22/09/11;1380
23/09/11;1440
26/09/11;1440
27/09/11;1450
28/09/11;1470
29/09/11;1490
30/09/11;1520
03/10/11;1480
04/10/11;1490
05/10/11;1540
06/10/11;1520
07/10/11;1450
10/10/11;1440
11/10/11;1460
12/10/11;1470
13/10/11;1450
14/10/11;1420
17/10/11;1420
18/10/11;1430
19/10/11;1440
20/10/11;1450
21/10/11;1450
24/10/11;1450
25/10/11;1470
26/10/11;1480
27/10/11;1500
28/10/11;1490
31/10/11;1480
01/11/11;1480
02/11/11;1510
03/11/11;1500
04/11/11;1520
07/11/11;1500
08/11/11;1500
09/11/11;1500
10/11/11;1480
11/11/11;1480
14/11/11;1500
15/11/11;1490
16/11/11;1510
17/11/11;1510
18/11/11;1500
21/11/11;1490
22/11/11;1490
23/11/11;1510
24/11/11;1500
25/11/11;1460
28/11/11;1460
29/11/11;1430
30/11/11;1470
01/12/11;1470
02/12/11;1470
05/12/11;1450
06/12/11;1470
07/12/11;1460
08/12/11;1450
09/12/11;1440
12/12/11;1450
13/12/11;1430
14/12/11;1420
15/12/11;1430
16/12/11;1430
19/12/11;1410
20/12/11;1400
21/12/11;1420
22/12/11;1430
23/12/11;1430
27/12/11;1440
28/12/11;1410
29/12/11;1430
30/12/11;1410
02/01/12;1410
03/01/12;1410
04/01/12;1420
05/01/12;1410
06/01/12;1390
09/01/12;1410
10/01/12;1420
11/01/12;1400
12/01/12;1400
13/01/12;1390
16/01/12;1400
17/01/12;1400
18/01/12;1400
19/01/12;1380
20/01/12;1380
24/01/12;1390
25/01/12;1380
26/01/12;1400
27/01/12;1400
30/01/12;1380
31/01/12;1370
01/02/12;1350
02/02/12;1380
03/02/12;1380
06/02/12;1360
07/02/12;1370
08/02/12;1380
09/02/12;1360
10/02/12;1350
13/02/12;1370
14/02/12;1380
15/02/12;1360
16/02/12;1370
17/02/12;1390
20/02/12;1400
21/02/12;1410
22/02/12;1410
23/02/12;1400
24/02/12;1380
27/02/12;1370
28/02/12;1390
29/02/12;1410
01/03/12;1400
02/03/12;1430
05/03/12;1430
06/03/12;1420
07/03/12;1400
08/03/12;1390
09/03/12;1400
12/03/12;1360
13/03/12;1370
14/03/12;1380
15/03/12;1360
16/03/12;1350
19/03/12;1360
20/03/12;1390
21/03/12;1400
22/03/12;1390
26/03/12;1410
27/03/12;1410
28/03/12;1400
29/03/12;1410
30/03/12;1400
02/04/12;1410
03/04/12;1410
04/04/12;1460
05/04/12;1510
09/04/12;1510
10/04/12;1520
11/04/12;1500
12/04/12;1520
13/04/12;1520
16/04/12;1520
17/04/12;1510
18/04/12;1530
19/04/12;1550
20/04/12;1560
23/04/12;1560
24/04/12;1590
25/04/12;1580
26/04/12;1600
27/04/12;1700
30/04/12;1700
01/05/12;1650
02/05/12;1650
03/05/12;1670
04/05/12;1670
07/05/12;1660
08/05/12;1660
09/05/12;1580
10/05/12;1640
11/05/12;1640
14/05/12;1600
15/05/12;1630
16/05/12;1580
21/05/12;1570
22/05/12;1570
23/05/12;1550
24/05/12;1500
25/05/12;1450
28/05/12;1480
29/05/12;1520
30/05/12;1580
31/05/12;1560
01/06/12;1520
04/06/12;1520
05/06/12;1540
06/06/12;1510
07/06/12;1500
08/06/12;1470
11/06/12;1480
12/06/12;1520
13/06/12;1570
14/06/12;1540
15/06/12;1580
18/06/12;1500
19/06/12;1520
20/06/12;1600
21/06/12;1570
22/06/12;1550
25/06/12;1560
26/06/12;1560
27/06/12;1600
28/06/12;1580
29/06/12;1630
02/07/12;1620
03/07/12;1670
04/07/12;1680
05/07/12;1680
06/07/12;1640
09/07/12;1600
10/07/12;1650
11/07/12;1690
12/07/12;1690
13/07/12;1730
16/07/12;1770
17/07/12;1790
18/07/12;1790
19/07/12;1760
20/07/12;1800
23/07/12;1790
24/07/12;1750
25/07/12;1770
26/07/12;1780
27/07/12;1860
30/07/12;1810
31/07/12;1820
01/08/12;1850
02/08/12;1780
03/08/12;1790
06/08/12;1770
07/08/12;1790
08/08/12;1800
09/08/12;1830
10/08/12;1840
13/08/12;1790
14/08/12;1770
15/08/12;1850
16/08/12;1960
23/08/12;1920
24/08/12;1900
27/08/12;1890
28/08/12;1860
29/08/12;1860
30/08/12;1860
31/08/12;1860
03/09/12;1910
04/09/12;1930
05/09/12;1920
06/09/12;1910
07/09/12;1930
10/09/12;1880
11/09/12;1890
12/09/12;1890
13/09/12;1890
14/09/12;1930
17/09/12;1850
18/09/12;1880
19/09/12;1880
20/09/12;1880
21/09/12;1880
24/09/12;1850
25/09/12;1870
26/09/12;1840
27/09/12;1870
28/09/12;1890
01/10/12;1880
02/10/12;1900
03/10/12;1900
04/10/12;1900
05/10/12;1900
08/10/12;1920
09/10/12;1930
10/10/12;1930
11/10/12;1950
12/10/12;1930
15/10/12;1920
16/10/12;1970
17/10/12;1950
18/10/12;1930
19/10/12;1930
22/10/12;1910
23/10/12;1930
24/10/12;1960
25/10/12;1930
29/10/12;1930
30/10/12;1920
31/10/12;1950
01/11/12;1950
02/11/12;1910
05/11/12;1880
06/11/12;1880
07/11/12;1880
08/11/12;1870
09/11/12;1880
12/11/12;1870
13/11/12;1880
14/11/12;1890
19/11/12;1850
20/11/12;1870
21/11/12;1840
22/11/12;1850
23/11/12;1840
26/11/12;1880
27/11/12;1880
28/11/12;1860
29/11/12;1850
30/11/12;1800
03/12/12;1770
04/12/12;1770
05/12/12;1760
06/12/12;1780
07/12/12;1840
10/12/12;1860
11/12/12;1830
12/12/12;1850
13/12/12;1830
14/12/12;1770
17/12/12;1810
18/12/12;1800
19/12/12;1780
20/12/12;1800
21/12/12;1830
26/12/12;1820
27/12/12;1790
28/12/12;1810
02/01/13;1790
03/01/13;1800
04/01/13;1820
07/01/13;1840
08/01/13;1830
09/01/13;1790
10/01/13;1790
11/01/13;1810
14/01/13;1830
15/01/13;1890
16/01/13;1900
17/01/13;1910
18/01/13;1960
21/01/13;1920
22/01/13;1920
23/01/13;1920
25/01/13;1960
28/01/13;1910
29/01/13;1930
30/01/13;1940
31/01/13;1940
01/02/13;1930
04/02/13;1940
05/02/13;1940
06/02/13;1960
07/02/13;1930
08/02/13;1930
11/02/13;1930
12/02/13;1930
13/02/13;1920
14/02/13;1950
15/02/13;1990
18/02/13;1990
19/02/13;1980
20/02/13;1970
21/02/13;1980
22/02/13;1970
25/02/13;1980
26/02/13;1970
27/02/13;2030
28/02/13;2150
01/03/13;2170
04/03/13;2100
05/03/13;2100
06/03/13;2220
07/03/13;2120
08/03/13;2150
11/03/13;2170
13/03/13;2170
14/03/13;2120
15/03/13;2060
18/03/13;2100
19/03/13;2110
20/03/13;2140
21/03/13;2150
22/03/13;2110
25/03/13;2140
26/03/13;2170
27/03/13;2170
28/03/13;2200
01/04/13;2150
02/04/13;2180
03/04/13;2220
04/04/13;2170
05/04/13;2140
08/04/13;2100
09/04/13;2160
10/04/13;2150
11/04/13;2200
12/04/13;2230
15/04/13;2230
16/04/13;2350
17/04/13;2400
18/04/13;2310
19/04/13;2340
22/04/13;2400
23/04/13;2380
24/04/13;2390
25/04/13;2360
26/04/13;2250
29/04/13;2280
30/04/13;2340
01/05/13;2360
02/05/13;2360
03/05/13;2260
06/05/13;2320
07/05/13;2340
08/05/13;2360
10/05/13;2370
13/05/13;2370
14/05/13;2370
15/05/13;2380
16/05/13;2380
17/05/13;2390
20/05/13;2460
21/05/13;2450
22/05/13;2470
23/05/13;2440
24/05/13;2460
27/05/13;2440
28/05/13;2460
29/05/13;2480
30/05/13;2370
31/05/13;2210
03/06/13;2280
04/06/13;2270
05/06/13;2240
07/06/13;2200
10/06/13;2100
11/06/13;2000
12/06/13;2060
13/06/13;2040
14/06/13;2110
17/06/13;2080
18/06/13;2170
19/06/13;2200
20/06/13;2100
21/06/13;1990
24/06/13;2000
25/06/13;1950
26/06/13;2050
27/06/13;2160
28/06/13;2250
01/07/13;2180
02/07/13;2150
03/07/13;2110
04/07/13;2180
05/07/13;2200
08/07/13;2180
09/07/13;2200
10/07/13;2260
11/07/13;2330
12/07/13;2370
15/07/13;2370
16/07/13;2300
17/07/13;2260
18/07/13;2280
19/07/13;2330
22/07/13;2350
23/07/13;2400
24/07/13;2360
25/07/13;2340
26/07/13;2330
29/07/13;2280
30/07/13;2350
31/07/13;2380
01/08/13;2400
02/08/13;2400
12/08/13;2370
13/08/13;2340
14/08/13;2380
15/08/13;2390
16/08/13;2270
19/08/13;2120
20/08/13;2080
21/08/13;2190
22/08/13;2130
23/08/13;2150
26/08/13;2130
27/08/13;2020
28/08/13;2150
29/08/13;2225
30/08/13;2200
02/09/13;2150
03/09/13;2200
04/09/13;2100
05/09/13;2000
06/09/13;1990
09/09/13;2075
10/09/13;2200
11/09/13;2175
12/09/13;2225
13/09/13;2200
16/09/13;2225
17/09/13;2250
18/09/13;2225
19/09/13;2375
20/09/13;2325
23/09/13;2275
24/09/13;2200
25/09/13;2150
26/09/13;2150
27/09/13;2175
30/09/13;2100
01/10/13;2150
02/10/13;2200
03/10/13;2225
04/10/13;2250
07/10/13;2250
08/10/13;2225
09/10/13;2275
10/10/13;2325
11/10/13;2325
16/10/13;2275
17/10/13;2325
18/10/13;2350
21/10/13;2325
22/10/13;2250
23/10/13;2250
24/10/13;2225
25/10/13;2175
28/10/13;2275
29/10/13;2300
30/10/13;2300
31/10/13;2350
01/11/13;2300
04/11/13;2325
06/11/13;2275
07/11/13;2275
08/11/13;2275
11/11/13;2225
12/11/13;2225
13/11/13;2125
14/11/13;2175
15/11/13;2175
18/11/13;2225
19/11/13;2275
20/11/13;2225
21/11/13;2225
22/11/13;2150
25/11/13;2150
26/11/13;2025
27/11/13;2125
28/11/13;2150
29/11/13;2175
02/12/13;2200
03/12/13;2150
04/12/13;2100
05/12/13;2050
06/12/13;2000
09/12/13;2025
10/12/13;2025
11/12/13;2100
12/12/13;2075
13/12/13;2075
16/12/13;2075
17/12/13;2050
18/12/13;2075
19/12/13;2125
20/12/13;2100
23/12/13;2075
24/12/13;2125
27/12/13;2125
30/12/13;2150
02/01/14;2175
03/01/14;2125
06/01/14;2085
07/01/14;2070
08/01/14;2100
09/01/14;2085
10/01/14;2145
13/01/14;2220
15/01/14;2205
16/01/14;2230
17/01/14;2225
20/01/14;2250
21/01/14;2255
22/01/14;2230
23/01/14;2225
24/01/14;2210
27/01/14;2150
28/01/14;2150
29/01/14;2230
30/01/14;2275
03/02/14;2220
04/02/14;2195
05/02/14;2235
06/02/14;2305
07/02/14;2295
10/02/14;2295
11/02/14;2275
12/02/14;2290
13/02/14;2265
14/02/14;2250
17/02/14;2275
18/02/14;2305
19/02/14;2330
20/02/14;2360
21/02/14;2400
24/02/14;2375
25/02/14;2290
26/02/14;2285
27/02/14;2285
28/02/14;2325
03/03/14;2300
04/03/14;2300
05/03/14;2320
06/03/14;2310
07/03/14;2295
10/03/14;2185
11/03/14;2180
12/03/14;2165
13/03/14;2190
14/03/14;2280
17/03/14;2250
18/03/14;2210
19/03/14;2260
20/03/14;2190
21/03/14;2160
24/03/14;2230
25/03/14;2190
26/03/14;2210
27/03/14;2175
28/03/14;2215
01/04/14;2255
02/04/14;2250
03/04/14;2260
04/04/14;2275
07/04/14;2320
08/04/14;2330
09/04/14;2330
10/04/14;2260
11/04/14;2315
14/04/14;2340
15/04/14;2300
16/04/14;2320
17/04/14;2325
21/04/14;2315
22/04/14;2335
23/04/14;2340
24/04/14;2355
25/04/14;2365
28/04/14;2330
29/04/14;2270
30/04/14;2265
02/05/14;2300
05/05/14;2325
06/05/14;2330
07/05/14;2350
08/05/14;2345
09/05/14;2350
12/05/14;2350
13/05/14;2360
14/05/14;2400
16/05/14;2535
19/05/14;2580
20/05/14;2430
21/05/14;2480
22/05/14;2535
23/05/14;2535
26/05/14;2565
28/05/14;2550
30/05/14;2575
02/06/14;2520
03/06/14;2550
04/06/14;2520
05/06/14;2520
06/06/14;2530
09/06/14;2470
10/06/14;2525
11/06/14;2480
12/06/14;2405
13/06/14;2440
16/06/14;2410
17/06/14;2420
18/06/14;2420
19/06/14;2410
20/06/14;2410
23/06/14;2455
24/06/14;2465
25/06/14;2450
26/06/14;2465
27/06/14;2425
30/06/14;2465
01/07/14;2480
02/07/14;2500
03/07/14;2475
04/07/14;2525
07/07/14;2600
08/07/14;2615
09/07/14;2615
10/07/14;2590
11/07/14;2575
14/07/14;2610
15/07/14;2655
16/07/14;2650
17/07/14;2645
18/07/14;2680
21/07/14;2695
22/07/14;2650
23/07/14;2610
24/07/14;2640
25/07/14;2650
04/08/14;2690
05/08/14;2710
06/08/14;2655
07/08/14;2690
08/08/14;2700
11/08/14;2750
12/08/14;2780
13/08/14;2785
14/08/14;2755
15/08/14;2710
18/08/14;2725
19/08/14;2700
20/08/14;2725
21/08/14;2715
22/08/14;2685
25/08/14;2685
26/08/14;2705
27/08/14;2735
28/08/14;2720
29/08/14;2665
01/09/14;2710
02/09/14;2700
03/09/14;2725
04/09/14;2730
05/09/14;2730
08/09/14;2835
09/09/14;2820
10/09/14;2810
11/09/14;2795
12/09/14;2790
15/09/14;2775
16/09/14;2795
17/09/14;2850
18/09/14;2875
19/09/14;2945
22/09/14;2870
23/09/14;2890
24/09/14;2870
25/09/14;2885
26/09/14;2880
29/09/14;2910
30/09/14;2915
01/10/14;2865
02/10/14;2760
03/10/14;2790
06/10/14;2845
07/10/14;2860
08/10/14;2800
09/10/14;2800
10/10/14;2775
13/10/14;2775
14/10/14;2775
15/10/14;2855
16/10/14;2805
17/10/14;2805
20/10/14;2845
21/10/14;2850
22/10/14;2860
23/10/14;2880
24/10/14;2870
27/10/14;2805
28/10/14;2685
29/10/14;2720
30/10/14;2760
31/10/14;2750
03/11/14;2760
04/11/14;2740
05/11/14;2740
06/11/14;2710
07/11/14;2615
10/11/14;2630
11/11/14;2715
12/11/14;2730
13/11/14;2735
14/11/14;2740
17/11/14;2750
18/11/14;2755
19/11/14;2775
20/11/14;2720
21/11/14;2765
24/11/14;2815
25/11/14;2785
26/11/14;2815
27/11/14;2810
28/11/14;2825
01/12/14;2880
02/12/14;2875
03/12/14;2850
04/12/14;2845
05/12/14;2840
08/12/14;2805
09/12/14;2795
10/12/14;2835
11/12/14;2835
12/12/14;2825
15/12/14;2785
16/12/14;2745
17/12/14;2725
18/12/14;2800
19/12/14;2815
22/12/14;2825
23/12/14;2825
24/12/14;2845
29/12/14;2850
30/12/14;2865
02/01/15;2860
05/01/15;2835
06/01/15;2815
07/01/15;2810
08/01/15;2835
09/01/15;2860
12/01/15;2835
13/01/15;2840
14/01/15;2825
15/01/15;2830
16/01/15;2845
19/01/15;2855
20/01/15;2900
21/01/15;2915
22/01/15;2880
23/01/15;2890
26/01/15;2820
27/01/15;2830
28/01/15;2845
29/01/15;2860
30/01/15;2830
02/02/15;2805
03/02/15;2825
04/02/15;2845
05/02/15;2815
06/02/15;2830
09/02/15;2860
10/02/15;2845
11/02/15;2860
12/02/15;2895
13/02/15;2980
16/02/15;2890
17/02/15;2895
18/02/15;2895
20/02/15;2890
23/02/15;2910
24/02/15;2905
25/02/15;2970
26/02/15;2975
27/02/15;2935
02/03/15;2950
03/03/15;2945
04/03/15;2910
05/03/15;2910
06/03/15;2985
09/03/15;2945
10/03/15;2945
11/03/15;2940
12/03/15;2925
13/03/15;2955
16/03/15;2975
17/03/15;2955
18/03/15;2950
19/03/15;2950
20/03/15;2920
23/03/15;2920
24/03/15;2920
25/03/15;2880
26/03/15;2810
27/03/15;2810
30/03/15;2865
31/03/15;2890
01/04/15;2835
02/04/15;2825
06/04/15;2835
07/04/15;2855
08/04/15;2860
09/04/15;2840
10/04/15;2825
13/04/15;2795
14/04/15;2795
15/04/15;2805
16/04/15;2810
17/04/15;2805
20/04/15;2835
21/04/15;2835
22/04/15;2830
23/04/15;2855
24/04/15;2905
27/04/15;2810
28/04/15;2790
29/04/15;2700
30/04/15;2615
04/05/15;2765
05/05/15;2750
06/05/15;2770
07/05/15;2830
08/05/15;2860
11/05/15;2845
12/05/15;2800
13/05/15;2835
15/05/15;2840
18/05/15;2830
19/05/15;2830
20/05/15;2835
21/05/15;2850
22/05/15;2870
25/05/15;2830
26/05/15;2870
27/05/15;2830
28/05/15;2855
29/05/15;2845
01/06/15;2845
03/06/15;2875
04/06/15;2825
05/06/15;2855
08/06/15;2855
09/06/15;2830
10/06/15;2860
11/06/15;2870
12/06/15;2850
15/06/15;2810
16/06/15;2870
17/06/15;2875
18/06/15;2880
19/06/15;2890
22/06/15;2835
23/06/15;2850
24/06/15;2880
25/06/15;2905
26/06/15;2935
29/06/15;2905
30/06/15;2930
01/07/15;2920
02/07/15;2930
03/07/15;2930
06/07/15;2930
07/07/15;2870
08/07/15;2900
09/07/15;2875
10/07/15;2875
13/07/15;2890
14/07/15;2880
15/07/15;2825
22/07/15;2865
23/07/15;2845
24/07/15;2855
27/07/15;2825
28/07/15;2845
29/07/15;2855
30/07/15;2870
31/07/15;2940
03/08/15;2920
04/08/15;2875
05/08/15;2940
06/08/15;2930
07/08/15;2955
10/08/15;2965
11/08/15;2940
12/08/15;2800
13/08/15;2825
14/08/15;2875
18/08/15;2875
19/08/15;2880
20/08/15;2870
21/08/15;2730
24/08/15;2660
25/08/15;2705
26/08/15;2690
27/08/15;2830
28/08/15;2865
31/08/15;2870
01/09/15;2830
02/09/15;2775
03/09/15;2800
04/09/15;2810
07/09/15;2700
08/09/15;2730
09/09/15;2730
10/09/15;2765
11/09/15;2760
14/09/15;2785
15/09/15;2710
16/09/15;2720
17/09/15;2680
18/09/15;2690
21/09/15;2730
22/09/15;2700
23/09/15;2655
25/09/15;2655
28/09/15;2600
29/09/15;2605
30/09/15;2645
01/10/15;2630
02/10/15;2620
05/10/15;2720
06/10/15;2790
07/10/15;2740
08/10/15;2710
09/10/15;2700
12/10/15;2695
13/10/15;2640
15/10/15;2685
16/10/15;2680
19/10/15;2720
20/10/15;2710
21/10/15;2730
22/10/15;2740
23/10/15;2760
26/10/15;2805
27/10/15;2795
28/10/15;2795
29/10/15;2730
30/10/15;2680
02/11/15;2740
03/11/15;2740
04/11/15;2730
05/11/15;2705
06/11/15;2735
09/11/15;2730
10/11/15;2695
11/11/15;2665
12/11/15;2715
13/11/15;2755
16/11/15;2720
17/11/15;2815
18/11/15;2850
19/11/15;2815
20/11/15;2915
23/11/15;2800
24/11/15;2870
25/11/15;2900
26/11/15;2950
27/11/15;2960
30/11/15;2930
01/12/15;2940
02/12/15;2970
03/12/15;3035
04/12/15;3000
07/12/15;3030
08/12/15;3015
09/12/15;3015
10/12/15;3010
11/12/15;2950
14/12/15;2930
15/12/15;2940
16/12/15;3040
17/12/15;3125
18/12/15;3060
21/12/15;3110
22/12/15;3135
23/12/15;3110
28/12/15;3120
29/12/15;3095
30/12/15;3105
04/01/16;3140
05/01/16;3195
06/01/16;3250
07/01/16;3210
08/01/16;3145
11/01/16;3060
12/01/16;3145
13/01/16;3190
14/01/16;3135
15/01/16;3085
18/01/16;3085
19/01/16;3110
20/01/16;3090
21/01/16;3095
22/01/16;3185
25/01/16;3205
26/01/16;3225
27/01/16;3270
28/01/16;3260
29/01/16;3340
01/02/16;3330
02/02/16;3235
03/02/16;3275
04/02/16;3350
05/02/16;3500
09/02/16;3375
10/02/16;3385
11/02/16;3430
12/02/16;3285
15/02/16;3325
16/02/16;3335
17/02/16;3335
18/02/16;3315
19/02/16;3195
22/02/16;3180
23/02/16;3220
24/02/16;3230
25/02/16;3300
26/02/16;3310
29/02/16;3250
01/03/16;3295
02/03/16;3340
03/03/16;3430
04/03/16;3415
07/03/16;3395
08/03/16;3390
10/03/16;3315
11/03/16;3315
14/03/16;3315
15/03/16;3380
16/03/16;3440
17/03/16;3455
18/03/16;3460
21/03/16;3470
22/03/16;3420
23/03/16;3305
24/03/16;3325
28/03/16;3305
29/03/16;3300
30/03/16;3345
31/03/16;3325
01/04/16;3350
04/04/16;3380
05/04/16;3375
06/04/16;3405
07/04/16;3400
08/04/16;3445
11/04/16;3445
12/04/16;3400
13/04/16;3400
14/04/16;3400
15/04/16;3400
18/04/16;3400
19/04/16;3400
20/04/16;3585
21/04/16;3630
22/04/16;3685
25/04/16;3780
26/04/16;3645
27/04/16;3700
28/04/16;3595
29/04/16;3550
02/05/16;3450
03/05/16;3440
04/05/16;3490
09/05/16;3610
10/05/16;3700
11/05/16;3720
12/05/16;3760
13/05/16;3690
16/05/16;3720
17/05/16;3720
18/05/16;3740
19/05/16;3630
20/05/16;3640
23/05/16;3710
24/05/16;3730
25/05/16;3780
26/05/16;3770
27/05/16;3760
30/05/16;3700
31/05/16;3700
01/06/16;3720
02/06/16;3770
03/06/16;3800
06/06/16;3880
07/06/16;3910
08/06/16;3790
09/06/16;3770
10/06/16;3750
13/06/16;3760
14/06/16;3770
15/06/16;3810
16/06/16;3880
17/06/16;3890
20/06/16;3850
21/06/16;3870
22/06/16;3870
23/06/16;3860
24/06/16;3820
27/06/16;3840
28/06/16;3820
29/06/16;3970
30/06/16;3980
01/07/16;3970
11/07/16;4070
12/07/16;4100
13/07/16;4260
14/07/16;4110
15/07/16;4200
18/07/16;4140
19/07/16;4160
20/07/16;4190
21/07/16;4120
22/07/16;4110
25/07/16;4180
26/07/16;4250
27/07/16;4340
28/07/16;4340
29/07/16;4230
01/08/16;4550
02/08/16;4370
03/08/16;4270
04/08/16;4320
05/08/16;4350
08/08/16;4400
09/08/16;4370
10/08/16;4320
11/08/16;4280
12/08/16;4230
15/08/16;4090
16/08/16;4140
18/08/16;4250
19/08/16;4140
22/08/16;4160
23/08/16;4220
24/08/16;4220
25/08/16;4220
26/08/16;4210
29/08/16;4140
30/08/16;4170
31/08/16;4210
01/09/16;4160
02/09/16;4200
05/09/16;4200
06/09/16;4240
07/09/16;4210
08/09/16;4160
09/09/16;4050
13/09/16;4050
14/09/16;3970
15/09/16;4140
16/09/16;4090
19/09/16;4200
20/09/16;4160
21/09/16;4200
22/09/16;4230
23/09/16;4230
26/09/16;4240
27/09/16;4280
28/09/16;4250
29/09/16;4290
30/09/16;4310
03/10/16;4380
04/10/16;4360
05/10/16;4300
06/10/16;4210
07/10/16;4200
10/10/16;4160
11/10/16;4160
12/10/16;4140
13/10/16;4180
14/10/16;4210
17/10/16;4240
18/10/16;4230
19/10/16;4200
20/10/16;4200
21/10/16;4210
24/10/16;4220
25/10/16;4200
26/10/16;4190
27/10/16;4240
28/10/16;4230
31/10/16;4220
01/11/16;4200
02/11/16;4200
03/11/16;4150
04/11/16;4150
07/11/16;4150
08/11/16;4280
09/11/16;4120
10/11/16;4190
11/11/16;3960
14/11/16;3790
15/11/16;3840
16/11/16;4000
17/11/16;4000
18/11/16;3970
21/11/16;3930
22/11/16;3950
23/11/16;3940
24/11/16;3810
25/11/16;3830
28/11/16;3840
29/11/16;3840
30/11/16;3780
01/12/16;3860
02/12/16;3910
05/12/16;3960
06/12/16;3910
07/12/16;3850
08/12/16;3940
09/12/16;3960
13/12/16;3970
14/12/16;3920
15/12/16;3910
16/12/16;3820
19/12/16;3800
20/12/16;3730
21/12/16;3780
22/12/16;3750
23/12/16;3690
27/12/16;3730
28/12/16;3830
29/12/16;3940
30/12/16;3980
02/01/17;3980
03/01/17;3950
04/01/17;3950
05/01/17;3950
06/01/17;4000
09/01/17;4020
10/01/17;4000
11/01/17;3960
12/01/17;3960
13/01/17;3950
16/01/17;3950
17/01/17;3970
18/01/17;3960
19/01/17;3970
20/01/17;3830
23/01/17;3840
24/01/17;3910
25/01/17;3900
26/01/17;3940
27/01/17;3890
30/01/17;3860
31/01/17;3870
01/02/17;3940
02/02/17;3950
03/02/17;3950
06/02/17;3960
07/02/17;3920
08/02/17;3870
09/02/17;3870
10/02/17;3890
13/02/17;3920
14/02/17;3860
15/02/17;3860
16/02/17;3870
17/02/17;3870
20/02/17;3870
21/02/17;3880
22/02/17;3880
23/02/17;3840
24/02/17;3840
27/02/17;3870
28/02/17;3850
01/03/17;3850
02/03/17;3830
03/03/17;3850
06/03/17;3920
07/03/17;3950
08/03/17;3880
09/03/17;3960
10/03/17;3950
13/03/17;3950
14/03/17;4050
15/03/17;4040
16/03/17;4140
17/03/17;4110
20/03/17;4100
21/03/17;4090
22/03/17;4070
23/03/17;4090
24/03/17;4080
27/03/17;4080
29/03/17;4150
30/03/17;4140
31/03/17;4130
03/04/17;4170
04/04/17;4250
05/04/17;4250
06/04/17;4170
07/04/17;4130
10/04/17;4100
11/04/17;4150
12/04/17;4150
13/04/17;4090
17/04/17;4010
18/04/17;4070
19/04/17;4070
20/04/17;4110
21/04/17;4420
25/04/17;4420
26/04/17;4400
27/04/17;4370
28/04/17;4370
02/05/17;4410
03/05/17;4340
04/05/17;4370
05/05/17;4340
08/05/17;4340
09/05/17;4340
10/05/17;4370
12/05/17;4400
15/05/17;4360
16/05/17;4340
17/05/17;4340
18/05/17;4310
19/05/17;4530
22/05/17;4470
23/05/17;4400
24/05/17;4360
26/05/17;4470
29/05/17;4390
30/05/17;4330
31/05/17;4350
01/06/17;4350
02/06/17;4380
05/06/17;4340
06/06/17;4310
07/06/17;4320
08/06/17;4300
09/06/17;4330
12/06/17;4330
13/06/17;4360
14/06/17;4360
15/06/17;4360
16/06/17;4370
19/06/17;4400
20/06/17;4490
21/06/17;4520
22/06/17;4520
23/06/17;4520
26/06/17;4520
27/06/17;4520
28/06/17;4520
29/06/17;4520
30/06/17;4520
03/07/17;4790
04/07/17;4590
05/07/17;4580
06/07/17;4650
07/07/17;4630
10/07/17;4570
11/07/17;4600
12/07/17;4620
13/07/17;4600
14/07/17;4600
17/07/17;4650
18/07/17;4630
19/07/17;4600
20/07/17;4630
21/07/17;4560
24/07/17;4650
25/07/17;4720
26/07/17;4700
27/07/17;4650
28/07/17;4700
31/07/17;4690
01/08/17;4770
02/08/17;4800
03/08/17;4700
04/08/17;4670
07/08/17;4670
08/08/17;4690
09/08/17;4710
10/08/17;4710
11/08/17;4680
14/08/17;4710
15/08/17;4730
16/08/17;4770
17/08/17;4770
18/08/17;4780
21/08/17;4770
22/08/17;4790
23/08/17;4800
24/08/17;4780
25/08/17;4770
28/08/17;4750
29/08/17;4730
30/08/17;4740
31/08/17;4690
01/09/17;4690
04/09/17;4680
05/09/17;4650
06/09/17;4710
07/09/17;4700
08/09/17;4720
11/09/17;4710
12/09/17;4720
13/09/17;4690
14/09/17;4670
15/09/17;4690
18/09/17;4710
19/09/17;4710
20/09/17;4690
21/09/17;4690
22/09/17;4640
25/09/17;4650
26/09/17;4690
27/09/17;4700
28/09/17;4710
29/09/17;4680
02/10/17;4680
03/10/17;4690
04/10/17;4690
05/10/17;4660
06/10/17;4660
09/10/17;4620
10/10/17;4530
11/10/17;4400
12/10/17;4440
13/10/17;4430
16/10/17;4450
17/10/17;4400
18/10/17;4300
19/10/17;4210
20/10/17;4270
23/10/17;4250
24/10/17;4230
25/10/17;4090
26/10/17;4160
27/10/17;4150
30/10/17;4080
31/10/17;4030
01/11/17;3950
02/11/17;4030
03/11/17;4090
06/11/17;4190
07/11/17;4190
08/11/17;4100
09/11/17;4160
10/11/17;4120
13/11/17;4100
14/11/17;4080
15/11/17;4130
16/11/17;4200
17/11/17;4200
20/11/17;4150
21/11/17;4200
22/11/17;4200
23/11/17;4250
24/11/17;4320
27/11/17;4300
28/11/17;4240
29/11/17;4200
30/11/17;4150
01/12/17;4150
04/12/17;4200
05/12/17;4200
06/12/17;4200
07/12/17;4200
08/12/17;4140
11/12/17;4140
12/12/17;4170
13/12/17;4200
14/12/17;4250
15/12/17;4230
18/12/17;4240
19/12/17;4190
20/12/17;4160
21/12/17;4250
22/12/17;4300
25/12/17;4300
26/12/17;4300
27/12/17;4300
28/12/17;4390
29/12/17;4440
01/01/18;4440
02/01/18;4410
03/01/18;4230
04/01/18;4220
05/01/18;4280
08/01/18;4260
09/01/18;4200
10/01/18;4190
11/01/18;4170
12/01/18;4130
15/01/18;4120
16/01/18;4210
17/01/18;4200
18/01/18;4170
19/01/18;4160
22/01/18;4130
23/01/18;4090
24/01/18;3980
25/01/18;3970
26/01/18;4150
29/01/18;4070
30/01/18;3970
31/01/18;3990
01/02/18;3980
02/02/18;4000
05/02/18;4010
06/02/18;3940
07/02/18;3980
08/02/18;4020
09/02/18;3950
12/02/18;3960
13/02/18;4040
14/02/18;4040
15/02/18;4010
16/02/18;4010
19/02/18;4050
20/02/18;4070
21/02/18;4070
22/02/18;4010
23/02/18;4030
26/02/18;4030
27/02/18;4020
28/02/18;4000
01/03/18;4060
02/03/18;4070
05/03/18;4020
06/03/18;4020
07/03/18;4000
08/03/18;4140
09/03/18;4150
12/03/18;4200
13/03/18;4090
14/03/18;4060
15/03/18;3930
16/03/18;3820
19/03/18;3820
20/03/18;3660
21/03/18;3710
22/03/18;3700
23/03/18;3660
26/03/18;3590
27/03/18;3560
28/03/18;3570
29/03/18;3600
30/03/18;3600
02/04/18;3670
03/04/18;3630
04/04/18;3600
05/04/18;3680
06/04/18;3650
09/04/18;3770
10/04/18;3860
11/04/18;3870
12/04/18;3750
13/04/18;3660
16/04/18;3660
17/04/18;3660
18/04/18;3770
19/04/18;3770
20/04/18;3770
23/04/18;3750
24/04/18;3830
25/04/18;3830
26/04/18;3830
27/04/18;3830
30/04/18;3830
01/05/18;3830
02/05/18;3870
03/05/18;3740
04/05/18;3730
07/05/18;3800
08/05/18;3620
09/05/18;3700
10/05/18;3700
11/05/18;3630
14/05/18;3540
15/05/18;3370
16/05/18;3480
17/05/18;3490
18/05/18;3490
21/05/18;3420
22/05/18;3470
23/05/18;3470
24/05/18;3560
25/05/18;3560
28/05/18;3690
29/05/18;3690
30/05/18;3600
31/05/18;3520
01/06/18;3520
04/06/18;3640
05/06/18;3830
06/06/18;3790
07/06/18;3770
08/06/18;3610
11/06/18;3610
12/06/18;3610
13/06/18;3610
14/06/18;3610
15/06/18;3610
18/06/18;3610
19/06/18;3610
20/06/18;3710
21/06/18;3610
22/06/18;3580
25/06/18;3660
26/06/18;3690
27/06/18;3710
28/06/18;3660
29/06/18;3750
02/07/18;3750
03/07/18;3700
04/07/18;3760
05/07/18;3830
06/07/18;3860
09/07/18;3980
10/07/18;4030
11/07/18;4060
12/07/18;4100
13/07/18;4020
16/07/18;3940
17/07/18;3940
18/07/18;4010
19/07/18;3910
20/07/18;3990
23/07/18;4060
24/07/18;4030
25/07/18;3900
26/07/18;3930
27/07/18;3940
30/07/18;3910
31/07/18;3570
01/08/18;3550
02/08/18;3500
03/08/18;3460
06/08/18;3650
07/08/18;3580
08/08/18;3550
09/08/18;3490
10/08/18;3500
13/08/18;3370
14/08/18;3350
15/08/18;3430
16/08/18;3350
17/08/18;3350
20/08/18;3390
21/08/18;3350
22/08/18;3350
23/08/18;3300
24/08/18;3290
27/08/18;3460
28/08/18;3580
29/08/18;3580
30/08/18;3510
31/08/18;3490
03/09/18;3490
04/09/18;3420
05/09/18;3270
06/09/18;3360
07/09/18;3390
10/09/18;3380
11/09/18;3380
12/09/18;3320
13/09/18;3450
14/09/18;3590
17/09/18;3470
18/09/18;3570
19/09/18;3550
20/09/18;3600
21/09/18;3600
24/09/18;3540
25/09/18;3560
26/09/18;3540
27/09/18;3580
28/09/18;3640
01/10/18;3670
02/10/18;3620
03/10/18;3600
04/10/18;3600
05/10/18;3530
08/10/18;3520
09/10/18;3590
10/10/18;3600
11/10/18;3570
12/10/18;3680
15/10/18;3660
16/10/18;3780
17/10/18;3900
18/10/18;3760
19/10/18;3730
22/10/18;3800
23/10/18;3700
24/10/18;3520
25/10/18;3550
26/10/18;3630
29/10/18;3660
30/10/18;3800
31/10/18;3850
01/11/18;3880
02/11/18;3940
05/11/18;3890
06/11/18;3890
07/11/18;3950
08/11/18;4000
09/11/18;3920
12/11/18;3860
13/11/18;3830
14/11/18;3750
15/11/18;3910
16/11/18;4050
19/11/18;3950
20/11/18;3950
21/11/18;3960
22/11/18;3980
23/11/18;3990
26/11/18;3990
27/11/18;3880
28/11/18;3720
29/11/18;3740
30/11/18;3680
03/12/18;3700
04/12/18;3780
05/12/18;3770
06/12/18;3710
07/12/18;3670
10/12/18;3680
11/12/18;3620
12/12/18;3650
13/12/18;3750
14/12/18;3730
17/12/18;3710
18/12/18;3740
19/12/18;3810
20/12/18;3740
21/12/18;3760
24/12/18;3760
25/12/18;3760
26/12/18;3730
27/12/18;3750
28/12/18;3750
31/12/18;3750
01/01/19;3750
02/01/19;3730
03/01/19;3740
04/01/19;3710
07/01/19;3770
08/01/19;3800
09/01/19;3730
10/01/19;3800
11/01/19;3860
14/01/19;3850
15/01/19;3930
16/01/19;3990
17/01/19;3990
18/01/19;4020
21/01/19;4030
22/01/19;4000
23/01/19;3920
24/01/19;3860
25/01/19;3880
28/01/19;3780
29/01/19;3840
30/01/19;3860
31/01/19;3900
01/02/19;3870
04/02/19;3780
05/02/19;3780
06/02/19;3860
07/02/19;3860
08/02/19;3850
11/02/19;3930
12/02/19;3820
13/02/19;3790
14/02/19;3740
15/02/19;3790
18/02/19;3900
19/02/19;3920
20/02/19;3870
21/02/19;3870
22/02/19;3840
25/02/19;3910
26/02/19;3930
27/02/19;3910
28/02/19;3860
01/03/19;3910
04/03/19;3850
05/03/19;3870
06/03/19;3820
07/03/19;3820
08/03/19;3740
11/03/19;3800
12/03/19;3760
13/03/19;3720
14/03/19;3740
15/03/19;3750
18/03/19;3820
19/03/19;3780
20/03/19;3760
21/03/19;3790
22/03/19;3800
25/03/19;3790
26/03/19;3820
27/03/19;3820
28/03/19;3880
29/03/19;3960
01/04/19;3930
02/04/19;3930
03/04/19;3930
04/04/19;4030
05/04/19;4060
08/04/19;3950
09/04/19;3950
10/04/19;3930
11/04/19;3890
12/04/19;3830
15/04/19;3830
16/04/19;3870
17/04/19;3870
18/04/19;3860
19/04/19;3860
22/04/19;3780
23/04/19;3850
24/04/19;3840
25/04/19;3830
26/04/19;3910
29/04/19;3860
30/04/19;3790
01/05/19;3790
02/05/19;3830
03/05/19;3820
06/05/19;3840
07/05/19;3900
08/05/19;3900
09/05/19;3800
10/05/19;3790
13/05/19;3770
14/05/19;3760
15/05/19;3660
16/05/19;3600
17/05/19;3510
20/05/19;3600
21/05/19;3600
22/05/19;3540
23/05/19;3660
24/05/19;3750
27/05/19;3820
28/05/19;3690
29/05/19;3780
30/05/19;3780
31/05/19;3900
03/06/19;3900
04/06/19;3900
05/06/19;3900
06/06/19;3900
07/06/19;3900
10/06/19;4040
11/06/19;4020
12/06/19;3940
13/06/19;3990
14/06/19;3990
17/06/19;3900
18/06/19;3980
20/06/19;4040
21/06/19;4040
24/06/19;3980
25/06/19;4010
26/06/19;3980
27/06/19;4090
28/06/19;4140
01/07/19;4220
02/07/19;4250
03/07/19;4240
04/07/19;4250
05/07/19;4280
08/07/19;4270
09/07/19;4350
10/07/19;4290
11/07/19;4270
12/07/19;4180
15/07/19;4280
16/07/19;4240
17/07/19;4230
18/07/19;4240
19/07/19;4270
22/07/19;4260
23/07/19;4250
24/07/19;4190
25/07/19;4210
26/07/19;4160
29/07/19;4200
30/07/19;4270
31/07/19;4300
01/08/19;4280
02/08/19;4280
05/08/19;4080
06/08/19;4130
07/08/19;4210
08/08/19;4260
09/08/19;4260
12/08/19;4260
13/08/19;4250
14/08/19;4290
15/08/19;4290
16/08/19;4280
19/08/19;4340
20/08/19;4470
21/08/19;4410
22/08/19;4450
23/08/19;4380
26/08/19;4330
27/08/19;4380
28/08/19;4370
29/08/19;4380
30/08/19;4450
02/09/19;4410
03/09/19;4350
04/09/19;4290
05/09/19;4320
06/09/19;4210
09/09/19;4270
10/09/19;4270
11/09/19;4250
12/09/19;4170
13/09/19;4160
16/09/19;4220
17/09/19;4270
18/09/19;4250
19/09/19;4210
20/09/19;4290
23/09/19;4250
24/09/19;4210
25/09/19;4220
26/09/19;4360
27/09/19;4310
30/09/19;4310
01/10/19;4250
02/10/19;4200
03/10/19;4200
04/10/19;4190
07/10/19;4110
08/10/19;4090
09/10/19;4120
10/10/19;4110
11/10/19;4170
14/10/19;4190
15/10/19;4170
16/10/19;4170
17/10/19;4170
18/10/19;4190
21/10/19;4200
22/10/19;4230
23/10/19;4260
24/10/19;4350
25/10/19;4280
28/10/19;4260
29/10/19;4330
30/10/19;4270
31/10/19;4110
01/11/19;4080
04/11/19;4150
05/11/19;4200
06/11/19;4120
07/11/19;4070
08/11/19;4110
11/11/19;4100
12/11/19;4180
13/11/19;4150
14/11/19;4050
15/11/19;4080
18/11/19;4000
19/11/19;4020
20/11/19;4090
21/11/19;4020
22/11/19;4050
25/11/19;3950
26/11/19;3860
27/11/19;3880
28/11/19;3820
29/11/19;3930
02/12/19;3950
03/12/19;3920
04/12/19;3990
05/12/19;4060
06/12/19;4100
09/12/19;4070
10/12/19;4040
11/12/19;4050
12/12/19;3950
13/12/19;3990
16/12/19;3970
17/12/19;3980
18/12/19;3990
19/12/19;3900
20/12/19;4020
23/12/19;4020
26/12/19;4000
27/12/19;3990
30/12/19;3970
02/01/20;3910
03/01/20;3980
06/01/20;3960
07/01/20;3940
08/01/20;3900
09/01/20;3960
10/01/20;3980
13/01/20;4030
14/01/20;3950
15/01/20;3880
16/01/20;3850
17/01/20;3810
20/01/20;3810
21/01/20;3890
22/01/20;3860
23/01/20;3880
24/01/20;3920
27/01/20;3840
28/01/20;3830
29/01/20;3900
30/01/20;3860
31/01/20;3800
03/02/20;3740
04/02/20;3760
05/02/20;3770
06/02/20;3760
07/02/20;3790
10/02/20;3810
11/02/20;3790
12/02/20;3820
13/02/20;3730
14/02/20;3640
17/02/20;3610
18/02/20;3620
19/02/20;3620
20/02/20;3630
21/02/20;3690
24/02/20;3640
25/02/20;3590
26/02/20;3510
27/02/20;3470
28/02/20;3490
02/03/20;3440
03/03/20;3620
04/03/20;3830
05/03/20;3830
06/03/20;3750
09/03/20;3500
10/03/20;3490
11/03/20;3400
12/03/20;3310
13/03/20;3310
16/03/20;3160
17/03/20;2940
18/03/20;2810
19/03/20;2620
20/03/20;2880
23/03/20;2680
24/03/20;2620
26/03/20;2980
27/03/20;3090
30/03/20;3140
31/03/20;3160
01/04/20;3100
02/04/20;3130
03/04/20;3200
06/04/20;3330
07/04/20;3220
08/04/20;3110
09/04/20;3120
13/04/20;3180
14/04/20;3240
15/04/20;3110
16/04/20;3000
17/04/20;3230
20/04/20;3120
21/04/20;3070
22/04/20;3160
23/04/20;3070
24/04/20;3090
27/04/20;3150
28/04/20;3160
29/04/20;3350
30/04/20;3500
04/05/20;3320
05/05/20;3320
06/05/20;3240
08/05/20;3190
11/05/20;3220
12/05/20;3150
13/05/20;3160
14/05/20;3070
15/05/20;3100
18/05/20;3220
19/05/20;3270
20/05/20;3180
26/05/20;3250
27/05/20;3170
28/05/20;3130
29/05/20;3150
02/06/20;3250
03/06/20;3290
04/06/20;3300
05/06/20;3230
08/06/20;3230
09/06/20;3140
10/06/20;3110
11/06/20;3080
12/06/20;3030
15/06/20;3090
16/06/20;3200
17/06/20;3210
18/06/20;3280
19/06/20;3280
22/06/20;3200
23/06/20;3130
24/06/20;3180
25/06/20;3160
26/06/20;3190
29/06/20;3180
30/06/20;3050
01/07/20;3040
02/07/20;3140
03/07/20;3120
06/07/20;3050
07/07/20;3120
08/07/20;3150
09/07/20;3110
10/07/20;3110
13/07/20;3090
14/07/20;3080
15/07/20;3090
16/07/20;3100
17/07/20;3060
20/07/20;3060
21/07/20;3060
22/07/20;3070
23/07/20;3070
24/07/20;3020
27/07/20;3040
28/07/20;3020
29/07/20;3000
30/07/20;3050
03/08/20;2920
04/08/20;2950
05/08/20;3020
06/08/20;3020
07/08/20;2980
10/08/20;2970
11/08/20;2930
12/08/20;2950
13/08/20;3010
14/08/20;3030
18/08/20;3050
19/08/20;3000
24/08/20;3000
25/08/20;2980
26/08/20;3020
27/08/20;2990
28/08/20;2960
31/08/20;2860
01/09/20;2900
02/09/20;2950
03/09/20;2900
04/09/20;2860
07/09/20;2900
08/09/20;2860
09/09/20;2800
10/09/20;2700
11/09/20;2810
14/09/20;2890
15/09/20;2830
16/09/20;2790
17/09/20;2820
18/09/20;2890
21/09/20;2810
22/09/20;2780
23/09/20;2800
24/09/20;2730
25/09/20;2690
28/09/20;2660
29/09/20;2630
30/09/20;2560
01/10/20;2750
02/10/20;2680
05/10/20;2650
06/10/20;2650
07/10/20;2660
08/10/20;2700
09/10/20;2730
12/10/20;2730
13/10/20;2730
14/10/20;2810
15/10/20;2780
16/10/20;2750
19/10/20;2710
20/10/20;2670
21/10/20;2680
22/10/20;2700
23/10/20;2630
26/10/20;2650
27/10/20;2620
02/11/20;2560
03/11/20;2580
04/11/20;2580
05/11/20;2770
06/11/20;2830
09/11/20;2880
10/11/20;2860
11/11/20;3080
12/11/20;3040
13/11/20;2990
16/11/20;3070
17/11/20;3220
18/11/20;3180
19/11/20;3170
20/11/20;3220
23/11/20;3320
24/11/20;3350
25/11/20;3280
26/11/20;3470
27/11/20;3460
30/11/20;3230
01/12/20;3240
02/12/20;3330
03/12/20;3300
04/12/20;3250
07/12/20;3330
08/12/20;3300
10/12/20;3260
11/12/20;3280
14/12/20;3320
15/12/20;3450
16/12/20;3610
17/12/20;3540
18/12/20;3510
21/12/20;3520
22/12/20;3360
23/12/20;3320
28/12/20;3430
29/12/20;3420
30/12/20;3310
04/01/21;3490
05/01/21;3470
06/01/21;3370
07/01/21;3390
08/01/21;3570
11/01/21;3600
12/01/21;3510
13/01/21;3480
14/01/21;3500
15/01/21;3480
18/01/21;3450
19/01/21;3410
20/01/21;3470
21/01/21;3480
22/01/21;3390
25/01/21;3370
26/01/21;3260
27/01/21;3380
28/01/21;3240
29/01/21;3110
01/02/21;3230
02/02/21;3270
03/02/21;3240
04/02/21;3290
05/02/21;3290
08/02/21;3280
09/02/21;3200
10/02/21;3190
11/02/21;3190
15/02/21;3220
16/02/21;3210
17/02/21;3150
18/02/21;3180
19/02/21;3210
22/02/21;3170
23/02/21;3470
24/02/21;3480
25/02/21;3490
26/02/21;3490
01/03/21;3490
02/03/21;3460
03/03/21;3440
04/03/21;3360
05/03/21;3320
08/03/21;3340
09/03/21;3290
10/03/21;3400
12/03/21;3450
15/03/21;3380
16/03/21;3360
17/03/21;3390
18/03/21;3450
19/03/21;3440
22/03/21;3380
23/03/21;3360
24/03/21;3370
25/03/21;3410
26/03/21;3490
29/03/21;3410
30/03/21;3380
31/03/21;3420
01/04/21;3390
05/04/21;3380
06/04/21;3370
07/04/21;3400
08/04/21;3390
09/04/21;3360
12/04/21;3310
13/04/21;3330
14/04/21;3340
15/04/21;3360
16/04/21;3360
19/04/21;3340
20/04/21;3320
21/04/21;3280
22/04/21;3330
23/04/21;3310
26/04/21;3250
27/04/21;3160
28/04/21;3140
29/04/21;3200
30/04/21;3200
03/05/21;3170
04/05/21;3210
05/05/21;3200
06/05/21;3190
07/05/21;3190
10/05/21;3170
11/05/21;3180
17/05/21;3190
18/05/21;3180
19/05/21;3160
20/05/21;3310
21/05/21;3270
24/05/21;3260
25/05/21;3300
27/05/21;3380
28/05/21;3270
31/05/21;3440
02/06/21;3450
03/06/21;3490
04/06/21;3500
07/06/21;3550
08/06/21;3500
09/06/21;3390
10/06/21;3480
11/06/21;3470
14/06/21;3410
15/06/21;3440
16/06/21;3410
17/06/21;3350
18/06/21;3350
21/06/21;3300
22/06/21;3300
23/06/21;3370
24/06/21;3250
25/06/21;3250
28/06/21;3170
29/06/21;3160
30/06/21;3150
01/07/21;3110
02/07/21;3070
05/07/21;3040
06/07/21;3010
07/07/21;3030
08/07/21;3010
09/07/21;3160
12/07/21;3130
13/07/21;3070
14/07/21;3060
15/07/21;3130
16/07/21;3170
19/07/21;3220
21/07/21;3210
22/07/21;3260
23/07/21;3170
26/07/21;3190
27/07/21;3270
28/07/21;3190
29/07/21;3230
30/07/21;3240
02/08/21;3310
03/08/21;3330
04/08/21;3370
05/08/21;3340
06/08/21;3320
09/08/21;3250
10/08/21;3230
12/08/21;3350
13/08/21;3300
16/08/21;3340
18/08/21;3420
19/08/21;3390
20/08/21;3400
23/08/21;3440
24/08/21;3400
25/08/21;3370
26/08/21;3360
27/08/21;3320
30/08/21;3400
31/08/21;3400
01/09/21;3340
02/09/21;3370
03/09/21;3390
06/09/21;3390
07/09/21;3380
08/09/21;3330
09/09/21;3390
10/09/21;3330
13/09/21;3350
14/09/21;3440
15/09/21;3450
16/09/21;3440
17/09/21;3530
20/09/21;3520
21/09/21;3530
22/09/21;3590
23/09/21;3560
24/09/21;3560
27/09/21;3520
28/09/21;3530
29/09/21;3530
30/09/21;3690
01/10/21;3660
04/10/21;3670
05/10/21;3670
06/10/21;3760
07/10/21;3720
08/10/21;3800
11/10/21;3810
12/10/21;3780
13/10/21;3770
14/10/21;3830
15/10/21;3810
18/10/21;3790
19/10/21;3740
21/10/21;3850
22/10/21;3870
25/10/21;3780
26/10/21;3800
27/10/21;3790
28/10/21;3750
29/10/21;3800
01/11/21;3700
02/11/21;3660
03/11/21;3720
04/11/21;3770
05/11/21;3770
08/11/21;3750
09/11/21;3710
10/11/21;3700
11/11/21;3650
12/11/21;3600
15/11/21;3600
16/11/21;3670
17/11/21;3630
18/11/21;3630
19/11/21;3900
22/11/21;3800
23/11/21;3800
24/11/21;3800
25/11/21;4000
26/11/21;4010
29/11/21;4140
30/11/21;3990
01/12/21;4080
02/12/21;4160
03/12/21;4070
06/12/21;4170
07/12/21;4150
08/12/21;4090
09/12/21;4150
10/12/21;4150
13/12/21;4080
14/12/21;4100
15/12/21;4080
16/12/21;4100
17/12/21;4100
20/12/21;4080
21/12/21;4160
22/12/21;4110
23/12/21;4160
24/12/21;4110
27/12/21;4080
28/12/21;4090
29/12/21;4080
30/12/21;4040
03/01/22;4180
04/01/22;4170
05/01/22;4050
06/01/22;4120
07/01/22;4170
10/01/22;4100
11/01/22;4090
12/01/22;4110
13/01/22;4180
14/01/22;4190
17/01/22;4180
18/01/22;4250
19/01/22;4250
20/01/22;4220
21/01/22;4330
24/01/22;4300
25/01/22;4290
26/01/22;4390
27/01/22;4270
28/01/22;4260
31/01/22;4190
02/02/22;4170
03/02/22;4200
04/02/22;4230
07/02/22;4290
08/02/22;4230
09/02/22;4280
10/02/22;4460
11/02/22;4450
14/02/22;4400
15/02/22;4410
16/02/22;4400
17/02/22;4410
18/02/22;4400
21/02/22;4370
22/02/22;4300
23/02/22;4350
24/02/22;4240
25/02/22;4340
01/03/22;4350
02/03/22;4290
04/03/22;4400
07/03/22;4510
08/03/22;4620
09/03/22;4440
10/03/22;4410
11/03/22;4590
14/03/22;4580
15/03/22;4620
16/03/22;4630
17/03/22;4480
18/03/22;4540
21/03/22;4550
22/03/22;4550
23/03/22;4550
24/03/22;4560
25/03/22;4520
28/03/22;4600
29/03/22;4560
30/03/22;4580
31/03/22;4580
01/04/22;4580
04/04/22;4540
05/04/22;4520
06/04/22;4430
07/04/22;4540
08/04/22;4580
11/04/22;4590
12/04/22;4630
13/04/22;4690
14/04/22;4680
18/04/22;4710
19/04/22;4680
20/04/22;4630
21/04/22;4620
22/04/22;4620
25/04/22;4710
26/04/22;4760
27/04/22;4770
28/04/22;4620
09/05/22;4310
10/05/22;4340
11/05/22;4330
12/05/22;4300
13/05/22;4260
17/05/22;4180
18/05/22;4250
19/05/22;4210
20/05/22;4170
23/05/22;4110
24/05/22;4150
25/05/22;4200
27/05/22;4300
30/05/22;4250
31/05/22;4310
02/06/22;4290
03/06/22;4310
06/06/22;4340
07/06/22;4250
08/06/22;4100
09/06/22;4050
10/06/22;4020
13/06/22;4080
14/06/22;4110
15/06/22;4060
16/06/22;4040
17/06/22;4120
20/06/22;4040
21/06/22;4110
22/06/22;4050
23/06/22;4160
24/06/22;4150
27/06/22;4070
28/06/22;4030
29/06/22;4040
30/06/22;4000
01/07/22;4020
04/07/22;3990
05/07/22;3990
06/07/22;4020
07/07/22;4040
08/07/22;4010
11/07/22;4040
12/07/22;4010
13/07/22;3940
14/07/22;4020
15/07/22;4150
18/07/22;4190
19/07/22;4160
20/07/22;4210
21/07/22;4260
22/07/22;4230
25/07/22;4240
26/07/22;4250
27/07/22;4300
28/07/22;4240
29/07/22;4230
01/08/22;4300
02/08/22;4450
03/08/22;4500
04/08/22;4550
05/08/22;4650
08/08/22;4700
09/08/22;4640
10/08/22;4560
11/08/22;4570
12/08/22;4550
15/08/22;4450
16/08/22;4410
18/08/22;4550
19/08/22;4600
22/08/22;4650
23/08/22;4660
24/08/22;4750
25/08/22;4570
26/08/22;4490
29/08/22;4520
30/08/22;4480
31/08/22;4560
01/09/22;4580
02/09/22;4600
05/09/22;4620
06/09/22;4510
07/09/22;4490
08/09/22;4560
09/09/22;4600
12/09/22;4540
13/09/22;4520
14/09/22;4480
15/09/22;4500
16/09/22;4410
19/09/22;4500
20/09/22;4480
21/09/22;4430
22/09/22;4430
23/09/22;4380
26/09/22;4460
27/09/22;4440
28/09/22;4470
29/09/22;4440
30/09/22;4460
03/10/22;4460
04/10/22;4440
05/10/22;4460
06/10/22;4430
07/10/22;4350
10/10/22;4420
11/10/22;4310
12/10/22;4340
13/10/22;4300
14/10/22;4290
17/10/22;4330
18/10/22;4250
19/10/22;4200
20/10/22;4350
21/10/22;4360
24/10/22;4410
25/10/22;4390
26/10/22;4370
27/10/22;4370
28/10/22;4450
31/10/22;4390
01/11/22;4420
02/11/22;4220
03/11/22;4130
04/11/22;4210
07/11/22;4280
08/11/22;4220
09/11/22;4190
10/11/22;4170
11/11/22;4150